exercise_id,exercise_name,exercise_type,body_part,equipment,primary_muscle,secondary_muscle,movement_type,exercise_image
5111,Weighted + Hanging Toes To Bar,bilateral_simultaneous,abs,body weight,Rectus Abdominis,Hip Flexors,compound,https://apilyfta.com/static/GymvisualPNG/38911101-Hanging-Toes-to-Bar_Waist_small.png
3398,Body Weight + Weighted Front Plank,duration_based,abs,body weight,Rectus Abdominis,Transverse Abdominis,isometric,https://apilyfta.com/static/GymvisualPNG/21351101-Weighted-Front-Plank_Waist_small.png
2824,Weighted + Cobra Yoga Pose,bilateral_simultaneous,abs,body weight,Erector Spinae,Rectus Abdominis,isolation,https://apilyfta.com/static/GymvisualPNG/14821101-Cobra-Yoga-Pose_Waist_small.png
2837,Weighted + Oblique Crunch,bilateral_simultaneous,abs,body weight,Obliques,Rectus Abdominis,isolation,https://apilyfta.com/static/GymvisualPNG/14951101-Oblique-Crunch-(Version-2)_Waist_small.png
1894,Weighted + Elbow-To-Knee,bilateral_simultaneous,abs,body weight,Obliques|Rectus Abdominis,Hip Flexors,compound,https://apilyfta.com/static/GymvisualPNG/04431101-Elbow-to-Knee_waist_small.png
5193,Weighted + Seated Side-To-Side Leg Raise Crunch On Floor,bilateral_simultaneous,abs,body weight,Rectus Abdominis|Obliques,Hip Flexors,compound,https://apilyfta.com/static/GymvisualPNG/39781101-Seated-Side-to-Side-Leg-Raise-Crunch-on-Floor_Waist_small.png
2186,Weighted + Sit-Up,bilateral_simultaneous,abs,body weight,Rectus Abdominis,Hip Flexors|Obliques,compound,https://apilyfta.com/static/GymvisualPNG/07351101-Sit-Up-II_waist_small.png
1594,Weighted + Bridge,bilateral_simultaneous,abs,body weight,Gluteus Maximus,Hamstrings|Erector Spinae,isolation,https://apilyfta.com/static/GymvisualPNG/01431101-Bridge-(straight-arm)_Waist_small.png
1452,Weighted + 3/4 Sit-Up,bilateral_simultaneous,abs,body weight,Rectus Abdominis,Hip Flexors|Obliques,compound,https://apilyfta.com/static/GymvisualPNG/00011101-3-4-Sit-up_Waist_small.png
1592,Weighted + Bridge - Mountain Climber,bilateral_simultaneous,abs,body weight,Rectus Abdominis|Obliques|Gluteus Maximus,Hamstrings|Hip Flexors,compound,https://apilyfta.com/static/GymvisualPNG/01411101-Bridge---Mountain-Climber-(Cross-Body)-(female)_Waist-FIX_small.png
4853,Weighted + Vertical Leg Raise,bilateral_simultaneous,abs,body weight,Rectus Abdominis,Hip Flexors,isolation,https://apilyfta.com/static/GymvisualPNG/36231101-Vertical-Leg-Raise-(on-parallel-bars)-(female)-(VERSION-2)_Hips_small.png
1626,Cable + Kneeling Crunch,bilateral_simultaneous,abs,cable,Rectus Abdominis,Obliques,isolation,https://apilyfta.com/static/GymvisualPNG/01751101-Cable-Kneeling-Crunch_Waist-FIX_small.png
1673,Cable + Side Bend,bilateral_simultaneous,abs,cable,Obliques,Erector Spinae,isolation,https://apilyfta.com/static/GymvisualPNG/02221101-Cable-Side-Bend_Waist-FIX_small.png
5801,Weighted + Seated Tuck Crunch On Floor,bilateral_simultaneous,abs,dumbbell,Rectus Abdominis,Hip Flexors,isolation,https://apilyfta.com/static/GymvisualPNG/46231101-Weighted-Seated-Tuck-Crunch-on-Floor_Waist_small.png
2092,Weighted + Otis Up,bilateral_simultaneous,abs,weighted,Rectus Abdominis,Obliques|Hip Flexors,compound,https://apilyfta.com/static/GymvisualPNG/06411101-Otis-Up_waist_small.png
2283,Weighted + Crunch,bilateral_simultaneous,abs,weighted,Rectus Abdominis,Obliques,isolation,https://apilyfta.com/static/GymvisualPNG/08321101-Weighted-Crunch_waist_small.png
2247,Weighted + Standing Wheel Rollout,bilateral_simultaneous,abs,wheel roller,Rectus Abdominis,Obliques,compound,https://apilyfta.com/static/GymvisualPNG/07961101-Standing-Wheel-Rollout_Waist_small.png
3570,Weighted + Wheel Rollout,bilateral_simultaneous,abs,wheel roller,Rectus Abdominis,Obliques,compound,https://apilyfta.com/static/GymvisualPNG/23321101-Wheel-Rollout-(female)_Waist_small.png
1478,Barbell + Bent Over Row,bilateral_simultaneous,back,barbell,Latissimus Dorsi,Teres Major|Rhomboids|Trapezius,compound,https://apilyfta.com/static/GymvisualPNG/00271101-Barbell-Bent-Over-Row_Back-FIX_small.png
5336,Barbell + Deadstop Row With Rack,bilateral_simultaneous,back,barbell,Latissimus Dorsi,Teres Major|Rhomboids|Trapezius,compound,https://apilyfta.com/static/GymvisualPNG/41261101-Barbell-Deadstop-Row-with-Rack-(male)_Back_small.png
2312,Cable + Seated Row,bilateral_simultaneous,back,cable,Latissimus Dorsi,Teres Major|Rhomboids|Trapezius,compound,https://apilyfta.com/static/GymvisualPNG/08611101-Cable-seated-row_Back_small.png
3530,Cable + Wide-Grip Lat Pulldown,bilateral_simultaneous,back,cable,Latissimus Dorsi,Teres Major|Rhomboids|Trapezius,compound,https://apilyfta.com/static/GymvisualPNG/22911101-Cable-Wide-Grip-Lat-Pulldown-(female)_Back_small.png
2640,Cable + Standing Lat Pushdown,bilateral_simultaneous,back,cable,Latissimus Dorsi,Teres Major|Triceps,isolation,https://apilyfta.com/static/GymvisualPNG/12291101-Cable-Standing-Lat-Pushdown-(rope-equipment)_Back_small.png
291,Cable + Close-Grip Front Lat Pulldown,bilateral_simultaneous,back,cable,Latissimus Dorsi,Biceps|Teres Major|Rhomboids,compound,https://apilyfta.com/static/GymvisualPNG/10471101-Cable-Close-Grip-Front-Lat-Pulldown_Back_small.png
1628,Cable + Lateral Pulldown,bilateral_simultaneous,back,cable,Latissimus Dorsi,Teres Major|Rhomboids|Trapezius,compound,https://apilyfta.com/static/GymvisualPNG/01771101-Cable-Lateral-Pulldown-(with-rope-attachment)_Back_small.png
338,Cable + Wide Grip Rear Pulldown Behind Neck,bilateral_simultaneous,back,cable,Latissimus Dorsi,Teres Major|Rhomboids|Trapezius,compound,https://apilyfta.com/static/GymvisualPNG/13251101-Cable-Wide-Grip-Rear-Pulldown-Behind-Neck_Back_small.png
1644,Cable + One Arm Straight Back High Row,bilateral_simultaneous,back,cable,Latissimus Dorsi,Teres Major|Rhomboids|Trapezius,compound,https://apilyfta.com/static/GymvisualPNG/01931101-Cable-One-Arm-Straight-Back-High-Row-(kneeling)_Back_small.png
1649,Cable + Pulldown,bilateral_simultaneous,back,cable,Latissimus Dorsi,Teres Major|Rhomboids|Trapezius,compound,https://apilyfta.com/static/GymvisualPNG/01981101-Cable-Pulldown_Back_small.png
1688,Cable + Straight Arm Pulldown,bilateral_simultaneous,back,cable,Latissimus Dorsi,Teres Major|Triceps,isolation,https://apilyfta.com/static/GymvisualPNG/02371101-Cable-Straight-Arm-Pulldown-(with-rope)_Back-FIX_small.png
1857,Dumbbell + Shrug,bilateral_simultaneous,back,dumbbell,Trapezius,Levator Scapulae|Rhomboids,isolation,https://apilyfta.com/static/GymvisualPNG/04061101-Dumbbell-Shrug_Back-FIX_small.png
1744,Dumbbell + Bent Over Row,bilateral_simultaneous,back,dumbbell,Latissimus Dorsi,Teres Major|Rhomboids|Trapezius,compound,https://apilyfta.com/static/GymvisualPNG/02931101-Dumbbell-Bent-Over-Row_Back-FIX_small.png
2022,Weighted + Lever Single Arm Neutral Grip Seated Row,bilateral_simultaneous,back,leverage machine,Latissimus Dorsi,Teres Major|Rhomboids|Trapezius,compound,https://apilyfta.com/static/GymvisualPNG/05711101-Lever-Alternating-Narrow-Grip-Seated-Row-(plate-loaded)_Back_small.png
5314,Trap Bar + Bent Over Row,bilateral_simultaneous,back,trap bar,Latissimus Dorsi,Teres Major|Rhomboids|Trapezius,compound,https://apilyfta.com/static/GymvisualPNG/41041101-Trap-Bar-Bent-Over-Row-(male)_Back_small.png
5313,Trap Bar + Standing Shrug,bilateral_simultaneous,back,trap bar,Trapezius,Levator Scapulae|Rhomboids,isolation,https://apilyfta.com/static/GymvisualPNG/41031101-Trap-Bar-Standing-Shrug-(male)_Back_small.png
1557,Barbell + Standing Close Grip Curl,bilateral_simultaneous,biceps,barbell,Biceps Brachii,Brachialis|Forearms,isolation,https://apilyfta.com/static/GymvisualPNG/01061101-Barbell-Standing-Close-Grip-Curl_Upper-Arms_small.png
13,Barbell + Drag Curl,bilateral_simultaneous,biceps,barbell,Biceps Brachii,Brachialis|Forearms,isolation,https://apilyfta.com/static/GymvisualPNG/00381101-Barbell-Drag-Curl_Upper-Arms_small.png
408,Barbell + Standing Wide Grip Biceps Curl,bilateral_simultaneous,biceps,barbell,Biceps Brachii,Brachialis|Forearms,isolation,https://apilyfta.com/static/GymvisualPNG/16291101-Barbell-Standing-Wide-Grip-Biceps-Curl_Upper-Arms_small.png
411,Cable + Drag Curl,bilateral_simultaneous,biceps,cable,Biceps Brachii,Brachialis|Forearms,isolation,https://apilyfta.com/static/GymvisualPNG/16321101-Cable-Drag-Curl_Upper-Arms_small.png
3894,Cable + One Arm Biceps Curl,bilateral_simultaneous,biceps,cable,Biceps Brachii,Brachialis|Forearms,isolation,https://apilyfta.com/static/GymvisualPNG/26561101-Cable-One-Arm-Biceps-Curl-(VERSION-2)_Upper-Arms_small.png
2948,Cable + Rope Hammer Preacher Curl,bilateral_simultaneous,biceps,cable,Brachialis,Biceps Brachii|Forearms,isolation,https://apilyfta.com/static/GymvisualPNG/16391101-Cable-Rope-Hammer-Preacher-Curl_Upper-Arms_small.png
2944,Cable + Lying Bicep Curl,bilateral_simultaneous,biceps,cable,Biceps Brachii,Brachialis|Forearms,isolation,https://apilyfta.com/static/GymvisualPNG/16341101-Cable-Lying-Bicep-Curl_Upper-Arms_small.png
409,Cable + Close Grip Curl,bilateral_simultaneous,biceps,cable,Biceps Brachii,Brachialis|Forearms,isolation,https://apilyfta.com/static/GymvisualPNG/16301101-Cable-Close-Grip-Curl_Upper-Arms_small.png
2319,Cable + Curl,bilateral_simultaneous,biceps,cable,Biceps Brachii,Brachialis|Forearms,isolation,https://apilyfta.com/static/GymvisualPNG/08681101-Cable-Curl-(male)_Upper-Arms-FIX_small.png
1748,Dumbbell + Concentration Curl,unilateral_alternating,biceps,dumbbell,Biceps Brachii,Brachialis|Forearms,isolation,https://apilyfta.com/static/GymvisualPNG/02971101-Dumbbell-Concentration-Curl_Upper-Arms_small.png
418,Dumbbell + Seated Hammer Curl,bilateral_simultaneous,biceps,dumbbell,Brachialis,Biceps Brachii|Forearms,isolation,https://apilyfta.com/static/GymvisualPNG/16781101-Dumbbell-Seated-Hammer-Curl_Upper-Arms_small.png
4322,Dumbbell + Single Arm Preacher Curl,unilateral_alternating,biceps,dumbbell,Biceps Brachii,Brachialis|Forearms,isolation,https://apilyfta.com/static/GymvisualPNG/30841101-Dumbbell-Single-Arm-Preacher-Curl-(female)_Upper-Arms_small.png
1745,Dumbbell + Biceps Curl,bilateral_simultaneous,biceps,dumbbell,Biceps Brachii,Brachialis|Forearms,isolation,https://apilyfta.com/static/GymvisualPNG/02941101-Dumbbell-Biceps-Curl_Upper-Arms_small.png
414,Dumbbell + Biceps Curl Reverse,bilateral_simultaneous,biceps,dumbbell,Brachialis,Biceps Brachii|Forearms,isolation,https://apilyfta.com/static/GymvisualPNG/16541101-Dumbbell-Biceps-Curl-Reverse_Upper-Arms_small.png
2956,Dumbbell + Alternate Seated Hammer Curl,unilateral_alternating,biceps,dumbbell,Brachialis,Biceps Brachii|Forearms,isolation,https://apilyfta.com/static/GymvisualPNG/16481101-Dumbbell-Alternate-Seated-Hammer-Curl_Upper-Arms_small.png
1879,Dumbbell + Standing Preacher Curl,unilateral_alternating,biceps,dumbbell,Biceps Brachii,Brachialis|Forearms,isolation,https://apilyfta.com/static/GymvisualPNG/04281101-Dumbbell-Standing-Preacher-Curl_Upper-Arms_small.png
5755,Dumbbell + Standing Biceps Curl To Shoulder Press,bilateral_simultaneous,biceps,dumbbell,Biceps Brachii,Front Deltoids|Side Deltoids|Brachialis,compound,https://apilyfta.com/static/GymvisualPNG/45741101-Dumbbell-Standing-Biceps-Curl-to-Shoulder-Press-(male)_Shoulders_small.png
1736,Dumbbell + Alternate Biceps Curl,unilateral_alternating,biceps,dumbbell,Biceps Brachii,Brachialis|Forearms,isolation,https://apilyfta.com/static/GymvisualPNG/02851101-Dumbbell-Alternate-Biceps-Curl_Upper-Arms-AFIX_small.png
1867,Dumbbell + Standing Biceps Curl,bilateral_simultaneous,biceps,dumbbell,Biceps Brachii,Brachialis|Forearms,isolation,https://apilyfta.com/static/GymvisualPNG/04161101-Dumbbell-Standing-Biceps-Curl_Upper-Arms_small.png
1749,Dumbbell + Cross Body Hammer Curl,unilateral_alternating,biceps|forearms,dumbbell,Brachialis,Biceps Brachii|Forearms,isolation,https://apilyfta.com/static/GymvisualPNG/02981101-Dumbbell-Cross-Body-Hammer-Curl_Forearms_small.png
3640,Dumbbell + Hammer Curls,bilateral_simultaneous,biceps|forearms,dumbbell,Brachialis,Biceps Brachii|Forearms,isolation,https://apilyfta.com/static/GymvisualPNG/24021101-Dumbbell-Hammer-Curls-(with-arm-blaster)_Forearms_small.png
1559,Barbell + Standing Leg Calf Raise,bilateral_simultaneous,calves,barbell,Gastrocnemius|Soleus,,isolation,https://apilyfta.com/static/GymvisualPNG/01081101-Barbell-Standing-Leg-Calf-Raise_Calf_small.png
352,Barbell + Floor Calf Raise,bilateral_simultaneous,calves,barbell,Gastrocnemius|Soleus,,isolation,https://apilyfta.com/static/GymvisualPNG/13701101-Barbell-Floor-Calf-Raise_Calves_small.png
38,Barbell + Seated Calf Raise,bilateral_simultaneous,calves,barbell,Gastrocnemius|Soleus,,isolation,https://apilyfta.com/static/GymvisualPNG/00881101-Barbell-Seated-Calf-Raise_Calves_small.png
3999,Weighted + Ankle - Dorsal Flexion - Articulations,bilateral_simultaneous,calves,body weight,Tibialis Anterior,,isolation,https://apilyfta.com/static/GymvisualPNG/27611101-Ankle---Dorsal-Flexion_Articulations_small.png
353,Body Weight + Bodyweight Standing Calf Raise,bilateral_simultaneous,calves,body weight,Gastrocnemius|Soleus,,isolation,https://apilyfta.com/static/GymvisualPNG/13731101-Bodyweight-Standing-Calf-Raise_Calves_small.png
2388,Calves Stretch,duration_based,calves,body weight,Gastrocnemius|Soleus,,isolation,https://apilyfta.com/static/GymvisualPNG/09371101-Calves-stretch_Calves_small.png
27723,Dumbbell + Walking Calf Raise,unilateral_alternating,calves,dumbbell,Gastrocnemius|Soleus,,isolation,https://apilyfta.com/static/GymvisualPNG/56981101-Dumbbell-Walking-Calf-Raise_Calves_small.png
1868,Dumbbell + Standing Calf Raise,bilateral_simultaneous,calves,dumbbell,Gastrocnemius|Soleus,,isolation,https://apilyfta.com/static/GymvisualPNG/04171101-Dumbbell-Standing-Calf-Raise_Calf_small.png
2746,Dumbbell + Seated Calf Raise,bilateral_simultaneous,calves,dumbbell,Gastrocnemius|Soleus,,isolation,https://apilyfta.com/static/GymvisualPNG/13791101-Dumbbell-Seated-Calf-Raise_Calves_small.png
3573,Leverage Machine + Lever Seated Calf Press,bilateral_simultaneous,calves,leverage machine,Gastrocnemius|Soleus,,isolation,https://apilyfta.com/static/GymvisualPNG/23351101-Lever-Seated-Calf-Press_Calves_small.png
2751,Leverage Machine + Lever Seated Squat Calf Raise On Leg Press Machine,bilateral_simultaneous,calves,leverage machine,Gastrocnemius|Soleus,Quadriceps|Hamstrings,compound,https://apilyfta.com/static/GymvisualPNG/13851101-Lever-Seated-Squat-Calf-Raise-on-Leg-Press-Machine_Calves_small.png
358,Smith Machine + Smith Toe Raise,bilateral_simultaneous,calves,smith machine,Tibialis Anterior,,isolation,https://apilyfta.com/static/GymvisualPNG/13961101-Smith-Toe-Raise_Calves_small.png
2224,Smith Machine + Smith Standing Leg Calf Raise,bilateral_simultaneous,calves,smith machine,Gastrocnemius|Soleus,,isolation,https://apilyfta.com/static/GymvisualPNG/07731101-Smith-Standing-Leg-Calf-Raise_Calf_small.png
295,Smith Machine + Smith Calf Raise,bilateral_simultaneous,calves,smith machine,Gastrocnemius|Soleus,,isolation,https://apilyfta.com/static/GymvisualPNG/11641101-Smith-Calf-Raise-(version-2)_Calves_small.png
5370,Weighted + Squat Hold Calf Raise,bilateral_simultaneous,calves|quadriceps,body weight,Gastrocnemius|Soleus,Quadriceps,compound,https://apilyfta.com/static/GymvisualPNG/41601101-Squat-Hold-Calf-Raise_Calves_small.png
2136,Run,duration_based,cardio,body weight,Cardio,,cardio,https://apilyfta.com/static/GymvisualPNG/06851101-Run_Cardio-FIX_small.png
1928,High Knee Skips,duration_based,cardio,body weight,Cardio,Quadriceps|Hamstrings|Glutes,cardio,https://apilyfta.com/static/GymvisualPNG/04771101-High-Knee-Skips_Cardio_small.png
1967,Jumping Jack,duration_based,cardio,body weight,Cardio,,cardio,https://apilyfta.com/static/GymvisualPNG/05161101-Jumping-Jack_Cardio_small.png
4275,Butt Kicks,duration_based,cardio,body weight,Cardio,Hamstrings|Glutes,cardio,https://apilyfta.com/static/GymvisualPNG/30371101-Butt-Kicks-(male)_Cardio_small.png
3498,Walking,duration_based,cardio,body weight,Cardio,,cardio,https://apilyfta.com/static/GymvisualPNG/22581101-Walking_Cardio_small.png
2081,Mountain Climber,duration_based,cardio,body weight,Cardio,,cardio,https://apilyfta.com/static/GymvisualPNG/06301101-Mountain-Climber_Cardio-FIX_small.png
293,Body Weight + Burpee,duration_based,cardio,body weight,Cardio,,cardio,https://apilyfta.com/static/GymvisualPNG/11601101-Burpee_Cardio_small.png
1929,Weighted + High Knee Squat,bilateral_simultaneous,cardio,body weight,Cardio,Quadriceps|Glutes,cardio,https://apilyfta.com/static/GymvisualPNG/04781101-High-Knee-Squat_Cardio_small.png
3436,Elliptical Machine Walk,duration_based,cardio,elliptical machine,Cardio,,cardio,https://apilyfta.com/static/GymvisualPNG/21921101-Elliptical-Machine-Walk_Cardio_small.png
3518,Stationary Bike Run,duration_based,cardio,exercise bike,Cardio,,cardio,https://apilyfta.com/static/GymvisualPNG/22791101-Stationary-Bike-Run-(version-4)_Cardio_small.png
3437,Bicycle Recline Walk,duration_based,cardio,exercise bike,Cardio,,cardio,https://apilyfta.com/static/GymvisualPNG/21931101-Bicycle-Recline-Walk_Cardio_small.png
3569,Cycle Cross Trainer,duration_based,cardio,exercise bike,Cardio,,cardio,https://apilyfta.com/static/GymvisualPNG/23311101-Cycle-Cross-Trainer_Cardio_small.png
4906,Skip Jump Rope,duration_based,cardio,rope,Cardio,,cardio,https://apilyfta.com/static/GymvisualPNG/36761101-Skip-Jump-Rope-(male)_Cardio_small.png
4896,Walking On Incline Treadmill,duration_based,cardio,treadmill,Cardio,,cardio,https://apilyfta.com/static/GymvisualPNG/36661101-Walking-on-Incline-Treadmill_Cardio_small.png
3499,Walking On Treadmill,duration_based,cardio,treadmill,Cardio,,cardio,https://apilyfta.com/static/GymvisualPNG/22591101-Walking-on-Treadmill_Cardio_small.png
3439,Run On Treadmill,duration_based,cardio,treadmill,Cardio,,cardio,https://apilyfta.com/static/GymvisualPNG/21971101-Run-on-Treadmill-(female)_Cardio_small.png
2135,Run,duration_based,cardio,treadmill,Cardio,,cardio,https://apilyfta.com/static/GymvisualPNG/06841101-Run-(equipment)_Cardio_small.png
4953,Barbell + Floor Chest Press,bilateral_simultaneous,chest,barbell,middle chests,front deltoids|triceps,compound,https://apilyfta.com/static/GymvisualPNG/37241101-Barbell-Floor-Chest-Press_Chest_small.png
1498,Barbell + Incline Bench Press,bilateral_simultaneous,chest,barbell,upper chests,front deltoids|triceps,compound,https://apilyfta.com/static/GymvisualPNG/00471101-Barbell-Incline-Bench-Press_Chest-FIX_small.png
2,Barbell + Bench Press,bilateral_simultaneous,chest,barbell,middle chests,front deltoids|triceps,compound,https://apilyfta.com/static/GymvisualPNG/00251101-Barbell-Bench-Press_Chest-FIX_small.png
1573,Barbell + Wide Bench Press,bilateral_simultaneous,chest,barbell,middle chests,front deltoids|triceps,compound,https://apilyfta.com/static/GymvisualPNG/01221101-Barbell-Wide-Bench-Press_Chest_small.png
114,Weighted + Decline Push-Up,bilateral_simultaneous,chest,body weight,middle chests,front deltoids|triceps,compound,https://apilyfta.com/static/GymvisualPNG/02791101-Decline-Push-Up-m_chest_small.png
111,Body Weight + Chest Dip,bodyweight_full,chest,body weight,middle chests,front deltoids|triceps,compound,https://apilyfta.com/static/GymvisualPNG/02511101-Chest-Dip_Chest_small.png
1460,Body Weight + Assisted Chest Dip,assisted_bodyweight,chest,body weight,middle chests,front deltoids|triceps,compound,https://apilyfta.com/static/GymvisualPNG/00091101-Assisted-Chest-Dip-(kneeling)_Chest_small.png
230,Weighted + Push-Up,bilateral_simultaneous,chest,body weight,middle chests,front deltoids|triceps,compound,https://apilyfta.com/static/GymvisualPNG/06621101-Push-up-m_Chest-FIX_small.png
2670,Body Weight + Deep Push Up,bilateral_simultaneous,chest,body weight|dumbbell,middle chests,front deltoids|triceps,compound,https://apilyfta.com/static/GymvisualPNG/12741101-Deep-Push-Up_Chest-FIX_small.png
1639,Cable + Middle Fly,bilateral_simultaneous,chest,cable,middle chests,,isolation,https://apilyfta.com/static/GymvisualPNG/01881101-Cable-Middle-Fly_Chest-FIX_small.png
100,Cable + Standing Fly,bilateral_simultaneous,chest,cable,middle chests,,isolation,https://apilyfta.com/static/GymvisualPNG/02271101-Cable-Standing-Fly_Chest_small.png
5569,Weighted + Lever Incline One Arm Chest Press,bilateral_simultaneous,chest,chest press machine,upper chests,front deltoids|triceps,compound,https://apilyfta.com/static/GymvisualPNG/43711101-Lever-Incline-One-Arm-Chest-Press-(plate-loaded)_Chest_small.png
327,Weighted + Lever Decline Chest Press,bilateral_simultaneous,chest,chest press machine,middle chests,front deltoids|triceps,compound,https://apilyfta.com/static/GymvisualPNG/13001101-Lever-Decline-Chest-Press_Chest_small.png
326,Weighted + Lever Incline Chest Press,bilateral_simultaneous,chest,chest press machine,upper chests,front deltoids|triceps,compound,https://apilyfta.com/static/GymvisualPNG/12991101-Leverage-Incline-Chest-Press_Chest_small.png
2796,Cable + Dumbbell Bent Arm Pullover Hold Isometric,bilateral_simultaneous,chest,dumbbell,middle chests,latissimus dorsis|triceps longus,isolation,https://apilyfta.com/static/GymvisualPNG/14441101-Dumbbell-Bent-Arm-Pullover-Hold_Isometric_small.png
1759,Dumbbell + Fly,bilateral_simultaneous,chest,dumbbell,middle chests,,isolation,https://apilyfta.com/static/GymvisualPNG/03081101-Dumbbell-Fly_Chest-FIX_small.png
5182,Dumbbell + Incline Around The World,bilateral_simultaneous,chest,dumbbell,upper chests,front deltoids|side deltoids,compound,https://apilyfta.com/static/GymvisualPNG/39671101-Dumbbell-Incline-Around-the-World_Shoulders_small.png
129,Dumbbell + Decline Hammer Press,bilateral_simultaneous,chest,dumbbell,middle chests,front deltoids|triceps,compound,https://apilyfta.com/static/GymvisualPNG/03031101-Dumbbell-Decline-Hammer-Press_Chest_small.png
117,Dumbbell + Bench Press,bilateral_simultaneous,chest,dumbbell,middle chests,front deltoids|triceps,compound,https://apilyfta.com/static/GymvisualPNG/02891101-Dumbbell-Bench-Press_Chest_small.png
219,Leverage Machine + Lever Seated Fly,bilateral_simultaneous,chest,leverage machine,middle chests,,isolation,https://apilyfta.com/static/GymvisualPNG/05961101-Lever-Seated-Fly_Chest_small.png
204,Leverage Machine + Lever Chest Press,bilateral_simultaneous,chest,leverage machine,middle chests,front deltoids|triceps,compound,https://apilyfta.com/static/GymvisualPNG/05761101-Lever-Chest-Press-(plate-loaded)_Chest_small.png
275,Leverage Machine + Lever Pec Deck Fly,bilateral_simultaneous,chest,leverage machine,middle chests,,isolation,https://apilyfta.com/static/GymvisualPNG/10301101-Lever-Pec-Deck-Fly_Chest_small.png
27756,Weighted + Lever Incline Fly (Male),bilateral_simultaneous,chest,leverage machine,upper chests,,isolation,https://apilyfta.com/static/GymvisualPNG/58431101-Lever-Incline-Fly-(male)_Chest_small.png
286,Weighted + Lever Lying Chest Press,bilateral_simultaneous,chest,leverage machine,middle chests,front deltoids|triceps,compound,https://apilyfta.com/static/GymvisualPNG/10411101-Lever-Lying-Chest-Press-(plate-loaded)_Chest_small.png
241,Smith Machine + Smith Bench Press,bilateral_simultaneous,chest,smith machine,middle chests,front deltoids|triceps,compound,https://apilyfta.com/static/GymvisualPNG/07481101-Smith-Bench-Press_Chest-FIX_small.png
245,Smith Machine + Smith Decline Bench Press,bilateral_simultaneous,chest,smith machine,middle chests,front deltoids|triceps,compound,https://apilyfta.com/static/GymvisualPNG/07531101-Smith-Decline-Bench-Press_Chest_small.png
247,Smith Machine + Smith Incline Bench Press,bilateral_simultaneous,chest,smith machine,upper chests,front deltoids|triceps,compound,https://apilyfta.com/static/GymvisualPNG/07571101-Smith-Incline-Bench-Press_Chest-FIX_small.png
330,Smith Machine + Smith Wide Grip Decline Bench Press,bilateral_simultaneous,chest,smith machine,middle chests,front deltoids|triceps,compound,https://apilyfta.com/static/GymvisualPNG/13091101-Smith-Wide-Grip-Decline-Bench-Press_Chest_small.png
2774,Barbell + Palms Down Wrist Curl Over A Bench,bilateral_simultaneous,forearms,barbell,extensors,flexors,isolation,https://apilyfta.com/static/GymvisualPNG/14111101-Barbell-Palms-Down-Wrist-Curl-Over-A-Bench_Forearms_small.png
27974,Barbell + Standing Wrist Curl,bilateral_simultaneous,forearms,barbell,flexors,extensors,isolation,https://apilyfta.com/static/GymvisualPNG/62621101-Barbell-Standing-Wrist-Curl_Forearms_small.png
1903,Barbell + Ez Reverse Grip Preacher Curl,bilateral_simultaneous,forearms,barbell,extensors,brachialis|biceps brachii,isolation,https://apilyfta.com/static/GymvisualPNG/04521101-EZ-Barbell-Reverse-grip-Preacher-Curl_Forearms_small.png
399,Barbell + Behind Back Finger Curl,bilateral_simultaneous,forearms,barbell,flexors,,isolation,https://apilyfta.com/static/GymvisualPNG/16101101-Barbell-Behind-Back-Finger-Curl_Forearms_small.png
1561,Barbell + Standing Reverse Grip Curl,bilateral_simultaneous,forearms,barbell,extensors,brachialis|biceps brachii,isolation,https://apilyfta.com/static/GymvisualPNG/01101101-Barbell-Standing-Reverse-Grip-Curl_Forearms_small.png
1698,Cable + Wrist Curl,bilateral_simultaneous,forearms,cable,flexors,extensors,isolation,https://apilyfta.com/static/GymvisualPNG/02471101-Cable-Wrist-Curl_Forearm_small.png
1616,Cable + Hammer Curl,bilateral_simultaneous,forearms,cable,brachialis|brachioradialis,biceps brachii,isolation,https://apilyfta.com/static/GymvisualPNG/01651101-Cable-Hammer-Curl-(with-rope)-m_Forearms_small.png
1661,Cable + Reverse Wrist Curl,bilateral_simultaneous,forearms,cable,extensors,flexors,isolation,https://apilyfta.com/static/GymvisualPNG/02101101-Cable-Reverse-Wrist-Curl_Forearm_small.png
4918,Dumbbell + Seated Reverse Grip Biceps Curl,bilateral_simultaneous,forearms,dumbbell,extensors,brachialis|brachioradialis,isolation,https://apilyfta.com/static/GymvisualPNG/36881101-Dumbbell-Seated-Reverse-Grip-Biceps-Curl_Forearms_small.png
28013,Dumbbell + Standing Wrist Reverse Curl,bilateral_simultaneous,forearms,dumbbell,extensors,flexors,isolation,https://apilyfta.com/static/GymvisualPNG/63621101-Dumbbell-Standing-Wrist-Reverse-Curl_Forearms_small.png
27682,Ez Barbell + Ez Bar Seated Wrist Curl,bilateral_simultaneous,forearms,ez barbell,flexors,extensors,isolation,https://apilyfta.com/static/GymvisualPNG/55791101-EZ-Bar-Seated-Wrist-Curl_Forearms-FIX_small.png
28012,Barbell + Ez Standing Wrist Reverse Curl,bilateral_simultaneous,forearms,ez barbell,extensors,flexors,isolation,https://apilyfta.com/static/GymvisualPNG/63611101-EZ-Barbell-Standing-Wrist-Reverse-Curl_Forearms_small.png
28088,Weighted + Plate Standing Biceps Curl (Male),bilateral_simultaneous,forearms,weighted,biceps brachii,brachialis|brachioradialis,isolation,https://apilyfta.com/static/GymvisualPNG/66981101-Weighted-Plate-Standing-Biceps-Curl-(male)_Forearms_small.png
28179,Weighted + Plate Standing Hands Torsion (Male),bilateral_simultaneous,forearms,weighted,flexors|extensors,,isolation,https://apilyfta.com/static/GymvisualPNG/70551101-Weighted-Plate-Standing-Hands-Torsion-(male)_Forearms_small.png
5440,Weighted + Seated Reverse Wrist Curl,bilateral_simultaneous,forearms,weighted,extensors,,isolation,https://apilyfta.com/static/GymvisualPNG/42321101-Weighted-Seated-Reverse-Wrist-Curl_Forearms_small.png
1532,Barbell + Reverse Preacher Curl,bilateral_simultaneous,forearms|biceps,barbell,extensors|biceps brachii,brachialis,isolation,https://apilyfta.com/static/GymvisualPNG/00811101-Barbell-Reverse-Preacher-Curl_Forearm_small.png
1567,Barbell + Straight Leg Deadlift,bilateral_simultaneous,hamstring,barbell,hamstrings,gluteus maximus|erector spinae,compound,https://apilyfta.com/static/GymvisualPNG/01161101-Barbell-Straight-Leg-Deadlift_Thighs-AFIX_small.png
1495,Barbell + Good Morning,bilateral_simultaneous,hamstring,barbell,hamstrings,gluteus maximus|erector spinae,compound,https://apilyfta.com/static/GymvisualPNG/00441101-Barbell-Good-Morning_Thighs-AFIX_small.png
5490,Dumbbell + Lying Hamstring Curl,unilateral_simultaneous,hamstring,dumbbell,biceps femoris|semitendinosus|semimembranosus,,isolation,https://apilyfta.com/static/GymvisualPNG/42921301-Dumbbell-Lying-Hamstring-Curl_Thighs_720_small.png
4675,Dumbbell + Swing,unilateral_simultaneous,hamstring,dumbbell,gluteus maximus,hamstrings|erector spinae,compound,https://apilyfta.com/static/GymvisualPNG/34451101-Dumbbell-Swing-(female)_Hips_small.png
2000,Kettlebell + Swing,bilateral_simultaneous,hamstring,kettlebell,gluteus maximus,hamstrings|erector spinae,compound,https://apilyfta.com/static/GymvisualPNG/05491101-Kettlebell-Swing_Kettlebell_small.png
2920,Leverage Machine + Lever Seated One Leg Curl,bilateral_simultaneous,hamstring,leverage machine,biceps femoris|semitendinosus|semimembranosus,,isolation,https://apilyfta.com/static/GymvisualPNG/15861101-Lever-Seated-One-Leg-Curl_Thighs_small.png
222,Leverage Machine + Lever Seated Leg Curl,bilateral_simultaneous,hamstring,leverage machine,biceps femoris|semitendinosus|semimembranosus,,isolation,https://apilyfta.com/static/GymvisualPNG/05991101-Lever-Seated-Leg-Curl_Thighs-FIX_small.png
1536,Barbell + Romanian Deadlift,bilateral_simultaneous,hips,barbell,gluteus maximus,hamstrings|erector spinae,compound,https://apilyfta.com/static/GymvisualPNG/00851101-Barbell-Romanian-Deadlift_Hips_small.png
4960,Barbell + Sumo Romanian Deadlift,bilateral_simultaneous,hips,barbell,gluteus maximus,hamstrings|erector spinae|adductors,compound,https://apilyfta.com/static/GymvisualPNG/37311101-Barbell-Sumo-Romanian-Deadlift_Hips_small.png
5382,Barbell + Banded Romanian Deadlift,bilateral_simultaneous,hips,barbell,gluteus maximus,hamstrings|erector spinae,compound,https://apilyfta.com/static/GymvisualPNG/41731101-Barbell-Banded-Romanian-Deadlift_Hips_small.png
1550,Barbell + Single Leg Split Squat,bilateral_simultaneous,hips,barbell,quadriceps,gluteus maximus|hamstrings,compound,https://apilyfta.com/static/GymvisualPNG/00991101-Barbell-Single-Leg-Split-Squat_Hips_small.png
292,Barbell + Hip Thrust,bilateral_simultaneous,hips,barbell,gluteus maximus,hamstrings,compound,https://apilyfta.com/static/GymvisualPNG/10601101-Barbell-Hip-Thrust_Hips_small.png
1483,Barbell + Deadlift,bilateral_simultaneous,hips,barbell,gluteus maximus,hamstrings|quadriceps|erector spinae,compound,https://apilyfta.com/static/GymvisualPNG/00321101-Barbell-Deadlift_Hips-FIX2_small.png
1525,Barbell + Rack Pull,bilateral_simultaneous,hips,barbell,gluteus maximus,hamstrings|quadriceps|erector spinae,compound,https://apilyfta.com/static/GymvisualPNG/00741101-Barbell-Rack-Pull_Hips-FIX_small.png
3462,Dumbbell + Romanian Deadlift,bilateral_simultaneous,hips,dumbbell,gluteus maximus,hamstrings|erector spinae,compound,https://apilyfta.com/static/GymvisualPNG/22221101-Dumbbell-Romanian-Deadlift-(female)_Hips_small.png
2906,Kettlebell + One Legged Deadlift,bilateral_simultaneous,hips,kettlebell,gluteus maximus,hamstrings|erector spinae,compound,https://apilyfta.com/static/GymvisualPNG/15691101-Kettlebell-One-Legged-Deadlift_Hips_small.png
5343,Kettlebell + Suitcase Deadlift,bilateral_simultaneous,hips,kettlebell,gluteus maximus,hamstrings|quadriceps|erector spinae,compound,https://apilyfta.com/static/GymvisualPNG/41331101-Kettlebell-Suitcase-Deadlift-(male)_Hips_small.png
5601,Kettlebell + Kettlebells Sumo Deadlift,bilateral_simultaneous,hips,kettlebell,gluteus maximus,hamstrings|quadriceps,compound,https://apilyfta.com/static/GymvisualPNG/44031101-Kettlebells-Sumo-Deadlift_Hips_small.png
258,Smith Machine + Smith Squat,bilateral_simultaneous,hips,smith machine,gluteus maximus,quadriceps|hamstrings,compound,https://apilyfta.com/static/GymvisualPNG/07701101-Smith-Squat_Hips_small.png
392,Smith Machine + Smith Stiff Legged Deadlift,bilateral_simultaneous,hips,smith machine,gluteus maximus,hamstrings|erector spinae,compound,https://apilyfta.com/static/GymvisualPNG/15971101-Smith-Stiff-Legged-Deadlift_Hips_small.png
2860,Smith Machine + Smith Good Morning Off Pins,bilateral_simultaneous,hips,smith machine,gluteus maximus,hamstrings|erector spinae,compound,https://apilyfta.com/static/GymvisualPNG/15191101-Smith-Good-Morning-Off-Pins_Hips_small.png
2206,Smith Machine + Smith Hack Squat,bilateral_simultaneous,hips,smith machine,quadriceps,gluteus maximus|hamstrings,compound,https://apilyfta.com/static/GymvisualPNG/07551101-Smith-Hack-Squat_Hips_small.png
5217,Smith Machine + Smith Sumo Squat,bilateral_simultaneous,hips,smith machine,gluteus maximus,quadriceps|hamstrings,compound,https://apilyfta.com/static/GymvisualPNG/40051101-Smith-Sumo-Squat-(female)_Hips_small.png
1477,Barbell + Bench Squat,bilateral_simultaneous,hips|quadriceps,barbell,quadriceps,gluteus maximus|hamstrings,compound,https://apilyfta.com/static/GymvisualPNG/00261101-Barbell-Bench-Squat_Hips_small.png
179,Dumbbell + Squat,bilateral_simultaneous,hips|quadriceps,dumbbell,quadriceps,gluteus maximus|hamstrings,compound,https://apilyfta.com/static/GymvisualPNG/04131101-Dumbbell-Squat_Hips_small.png
146,Dumbbell + Lunge,unilateral_alternating,hips|quadriceps,dumbbell,quadriceps,gluteus maximus|hamstrings,compound,https://apilyfta.com/static/GymvisualPNG/03361101-Dumbbell-Lunge_Hips_small.png
244,Smith Machine + Smith Deadlift,bilateral_simultaneous,hips|quadriceps,smith machine,gluteus maximus|hamstrings|erector spinaes,,compound,https://apilyfta.com/static/GymvisualPNG/07521101-Smith-Deadlift_Hips_small.png
27570,Roll Neck Decompress Lying On Floor,duration_based,neck,body weight,sternocleidomastoids,splenii,isolation,https://apilyfta.com/static/GymvisualPNG/53721101-Roll-Neck-Decompress-Lying-on-Floor_Neck_small.png
3118,Weighted + Rotating Neck Stretch,bilateral_simultaneous,neck,body weight,sternocleidomastoids,splenii,isolation,https://apilyfta.com/static/GymvisualPNG/18311101-Rotating-Neck-Stretch_Neck_small.png
4387,Weighted + Chin Tuck,bilateral_simultaneous,neck,body weight,sternocleidomastoids,splenii,isolation,https://apilyfta.com/static/GymvisualPNG/31491101-Chin-Tuck_Neck_small.png
3123,Forward Flexion Neck Stretch,duration_based,neck,body weight,sternocleidomastoids,splenii,isolation,https://apilyfta.com/static/GymvisualPNG/18361101-Forward-Flexion-Neck-Stretch_Neck_small.png
1913,Weighted + Front And Back Neck Stretch,bilateral_simultaneous,neck,body weight,sternocleidomastoids,splenii,isolation,https://apilyfta.com/static/GymvisualPNG/04621101-Front-and-Back-Neck-Stretch_Neck_small.png
3119,Diagonal Flexion Neck Stretch,duration_based,neck,body weight,sternocleidomastoids,splenii,isolation,https://apilyfta.com/static/GymvisualPNG/18321101-Diagonal-Flexion-Neck-Stretch_Neck_small.png
3120,Neck Extension Stretch,duration_based,neck,body weight,splenii,sternocleidomastoids,isolation,https://apilyfta.com/static/GymvisualPNG/18331101-Neck-Extension-Stretch_Neck_small.png
3650,Cable + Seated Neck Flexion,bilateral_simultaneous,neck,cable,sternocleidomastoids,splenii,isolation,https://apilyfta.com/static/GymvisualPNG/24121101-Cable-Seated-Neck-Flexion-(with-head-harness)_Neck_small.png
3647,Weighted + Lying Neck Flexion,bilateral_simultaneous,neck,weighted,sternocleidomastoids,splenii,isolation,https://apilyfta.com/static/GymvisualPNG/24091101-Weighted-Lying-Neck-Flexion-(with-head-harness)_Neck_small.png
3646,Weighted + Lying Neck Extension,bilateral_simultaneous,neck,weighted,splenii,sternocleidomastoids|trapeziuses,isolation,https://apilyfta.com/static/GymvisualPNG/24081101-Weighted-Lying-Neck-Extension-(with-head-harness)_Neck_small.png
3648,Weighted + Standing Neck Extension,bilateral_simultaneous,neck,weighted,splenii,sternocleidomastoids|trapeziuses,isolation,https://apilyfta.com/static/GymvisualPNG/24101101-Weighted-Standing-Neck-Extension-(with-head-harness)_Neck_small.png
268,Weighted + Seated Neck Extension,bilateral_simultaneous,neck,weighted,splenii,sternocleidomastoids|trapeziuses,isolation,https://apilyfta.com/static/GymvisualPNG/08481101-Weighted-Seated-Neck-Extension-(with-head-harness)_Neck_small.png
2494,Barbell + Sumo Squat,bilateral_simultaneous,quadriceps,barbell,vastus laterali|vastus medialis|vastus intermedius|rectus femoris,gluteus maximus|biceps femoris|semitendinosus|semimembranosus|gluteus medius|gluteus minimus,compound,https://apilyfta.com/static/GymvisualPNG/10631101-Barbell-sumo-squat_Thighs-AFIX_small.png
18,Barbell + Full Squat,bilateral_simultaneous,quadriceps,barbell,vastus laterali|vastus medialis|vastus intermedius|rectus femoris,gluteus maximus|biceps femoris|semitendinosus|semimembranosus,compound,https://apilyfta.com/static/GymvisualPNG/00431101-Barbell-Full-Squat_Thighs_small.png
28,Barbell + One Leg Squat,bilateral_simultaneous,quadriceps,barbell,vastus laterali|vastus medialis|vastus intermedius|rectus femoris,gluteus maximus|biceps femoris|semitendinosus|semimembranosus,compound,https://apilyfta.com/static/GymvisualPNG/00681101-Barbell-One-Leg-Squat_thighs_small.png
1549,Barbell + Side Split Squat,bilateral_simultaneous,quadriceps,barbell,vastus laterali|vastus medialis|vastus intermedius|rectus femoris,gluteus maximus|biceps femoris|semitendinosus|semimembranosus|gluteus medius|gluteus minimus,compound,https://apilyfta.com/static/GymvisualPNG/00981101-Barbell-Side-Split-Squat_Thighs_small.png
1480,Barbell + Clean-Grip Front Squat,bilateral_simultaneous,quadriceps,barbell,vastus laterali|vastus medialis|vastus intermedius|rectus femoris,gluteus maximus|biceps femoris|semitendinosus|semimembranosus,compound,https://apilyfta.com/static/GymvisualPNG/00291101-Barbell-Clean-grip-Front-Squat_Thighs_small.png
14,Barbell + Front Chest Squat,bilateral_simultaneous,quadriceps,barbell,vastus laterali|vastus medialis|vastus intermedius|rectus femoris,gluteus maximus|biceps femoris|semitendinosus|semimembranosus,compound,https://apilyfta.com/static/GymvisualPNG/00391101-Barbell-Front-Chest-Squat_Thighs_small.png
2798,Barbell + Zercher Squat Hold Isometric,bilateral_simultaneous,quadriceps,barbell,vastus laterali|vastus medialis|vastus intermedius|rectus femoris,gluteus maximus|biceps femoris|semitendinosus|semimembranosus|rectus abdominis|transverse abdominis|external obliques|internal obliques,compound,https://apilyfta.com/static/GymvisualPNG/14461101-Barbell-Zercher-Squat-Hold_Isometric_small.png
1502,Barbell + Jefferson Squat,bilateral_simultaneous,quadriceps,barbell,vastus laterali|vastus medialis|vastus intermedius|rectus femoris,gluteus maximus|biceps femoris|semitendinosus|semimembranosus,compound,https://apilyfta.com/static/GymvisualPNG/00511101-Barbell-Jefferson-Squat_Thighs-FIX_small.png
1822,Dumbbell + Plyo Squat,unilateral_simultaneous,quadriceps,dumbbell,vastus laterali|vastus medialis|vastus intermedius|rectus femoris,gluteus maximus|biceps femoris|semitendinosus|semimembranosus|gastrocnemius,compound,https://apilyfta.com/static/GymvisualPNG/03711101-Dumbbell-Plyo-Squat_thighs_small.png
4205,Dumbbell + Front Squat,bilateral_simultaneous,quadriceps,dumbbell,vastus laterali|vastus medialis|vastus intermedius|rectus femoris,gluteus maximus|biceps femoris|semitendinosus|semimembranosus,compound,https://apilyfta.com/static/GymvisualPNG/29671101-Dumbbell-Front-Squat-(female)_Thighs_small.png
4921,Dumbbell + Goblet Split Squat,unilateral_simultaneous,quadriceps,dumbbell,vastus laterali|vastus medialis|vastus intermedius|rectus femoris,gluteus maximus|biceps femoris|semitendinosus|semimembranosus,compound,https://apilyfta.com/static/GymvisualPNG/36911101-Dumbbell-Goblet-Split-Squat_Thighs_small.png
236,Sled Machine + Sled 45° Leg Wide Press,bilateral_simultaneous,quadriceps,sled machine,vastus laterali|vastus medialis|vastus intermedius|rectus femoris,gluteus maximus|biceps femoris|semitendinosus|semimembranosus,compound,https://apilyfta.com/static/GymvisualPNG/07401101-Sled-45-Leg-Wide-Press_Thighs_small.png
3507,Leverage Machine + Lever Seated Leg Press,bilateral_simultaneous,quadriceps,sled machine,vastus laterali|vastus medialis|vastus intermedius|rectus femoris,gluteus maximus|biceps femoris|semitendinosus|semimembranosus,compound,https://apilyfta.com/static/GymvisualPNG/22671101-Lever-Seated-Leg-Press_Thighs_small.png
1492,Barbell + Front Raise,bilateral_simultaneous,shoulders,barbell,front deltoids,side deltoids,isolation,https://apilyfta.com/static/GymvisualPNG/00411101-Barbell-Front-Raise_Shoulders_small.png
2239,Weighted + Standing Behind Neck Press,bilateral_simultaneous,shoulders,barbell,side deltoids,front deltoids|rear deltoids|triceps longus|triceps lateralis|triceps medialis,compound,https://apilyfta.com/static/GymvisualPNG/07881101-Standing-Behind-Neck-Press_Shoulders_small.png
2593,Barbell + Standing Military Press,bilateral_simultaneous,shoulders,barbell,front deltoids,side deltoids|triceps longus|triceps lateralis|triceps medialis,compound,https://apilyfta.com/static/GymvisualPNG/11651101-Barbell-Standing-Military-Press-(without-rack)_Shoulders-FIX_small.png
1537,Barbell + Seated Behind Head Military Press,bilateral_simultaneous,shoulders,barbell,side deltoids,front deltoids|rear deltoids|triceps longus|triceps lateralis|triceps medialis,compound,https://apilyfta.com/static/GymvisualPNG/00861101-Barbell-Seated-Behind-Head-Military-Press_Shoulders_small.png
27557,Barbell + Standing Shoulders Press,bilateral_simultaneous,shoulders,barbell,front deltoids,side deltoids|triceps longus|triceps lateralis|triceps medialis,compound,https://apilyfta.com/static/GymvisualPNG/53281101-Barbell-Standing-Shoulders-Press_Shoulders-FIX_small.png
163,Dumbbell + Rear Lateral Raise,bilateral_simultaneous,shoulders,dumbbell,rear delto ids,side deltoids,isolation,https://apilyfta.com/static/GymvisualPNG/03801101-Dumbbell-Rear-Lateral-Raise_Shoulders_small.png
140,Dumbbell + Incline Rear Lateral Raise,bilateral_simultaneous,shoulders,dumbbell,rear deltoids,side deltoids,isolation,https://apilyfta.com/static/GymvisualPNG/03261101-Dumbbell-Incline-Rear-Lateral-Raise_Shoulders_small.png
1806,Dumbbell + One Arm Lateral Raise,unilateral_alternating,shoulders,dumbbell,side deltoids,front deltoids|rear deltoids,isolation,https://apilyfta.com/static/GymvisualPNG/03551101-Dumbbell-One-Arm-Lateral-Raise_shoulder_small.png
1846,Dumbbell + Seated Lateral Raise,bilateral_simultaneous,shoulders,dumbbell,side deltoids,front deltoids|rear deltoids,isolation,https://apilyfta.com/static/GymvisualPNG/03951101-Dumbbell-Seated-Lateral-Raise-II_shoulder_small.png
1785,Dumbbell + Lateral Raise,bilateral_simultaneous,shoulders,dumbbell,side deltoids,front deltoids|rear deltoids,isolation,https://apilyfta.com/static/GymvisualPNG/03341101-Dumbbell-Lateral-Raise_shoulder-AFIX_small.png
3400,Dumbbell + Arnold Press,bilateral_simultaneous,shoulders,dumbbell,front deltoids,side deltoids|triceps longus|triceps lateralis|triceps medialis,compound,https://apilyfta.com/static/GymvisualPNG/21371101-Dumbbell-Arnold-Press_Shoulders_small.png
1827,Dumbbell + Raise,bilateral_simultaneous,shoulders,dumbbell,front deltoids,side deltoids,isolation,https://apilyfta.com/static/GymvisualPNG/03761101-Dumbbell-Raise_Shoulders_small.png
253,Smith Machine + Smith Seated Shoulder Press,bilateral_simultaneous,shoulders,smith machine,front deltoids,side deltoids|triceps longus|triceps lateralis|triceps medialis,compound,https://apilyfta.com/static/GymvisualPNG/07651101-Smith-Seated-Shoulder-Press_Shoulders_small.png
240,Smith Machine + Smith Behind Neck Press,bilateral_simultaneous,shoulders,smith machine,side deltoids,front deltoids|rear deltoids|triceps longus|triceps lateralis|triceps medialis,compound,https://apilyfta.com/static/GymvisualPNG/07471101-Smith-Behind-Neck-Press_shoulder_small.png
1527,Barbell + Rear Delt Row,bilateral_simultaneous,shoulders|back,barbell,rear deltoids|latissimus dorsis,side deltoids|trapeziuses,compound,https://apilyfta.com/static/GymvisualPNG/00761101-Barbell-Rear-Delt-Row_shoulder_small.png
1572,Barbell + Upright Row,bilateral_simultaneous,shoulders|back,barbell,trapeziuses,side deltoids|front deltoids|biceps brachii,compound,https://apilyfta.com/static/GymvisualPNG/01211101-Barbell-Upright-Row-(without-weight)_Shoulders_small.png
2619,Weighted + Push Press,bilateral_simultaneous,shoulders|biceps,barbell,front deltoids,side deltoids|triceps longus|triceps lateralis|triceps medialis,compound,https://apilyfta.com/static/GymvisualPNG/12001101-Push-Press_Shoulders_small.png
1856,Dumbbell + Seated Shoulder Press,bilateral_simultaneous,shoulders|chest,dumbbell,front deltoids,side deltoids|triceps longus|triceps lateralis|triceps medialis|upper chests|middle chests|small chest muscles,compound,https://apilyfta.com/static/GymvisualPNG/04051101-Dumbbell-Seated-Shoulder-Press_Shoulders_small.png
1479,Barbell + Clean And Press,bilateral_simultaneous,shoulders|quadriceps,barbell,front deltoids,side deltoids|triceps longus|triceps lateralis|triceps medialis|vastus laterali|vastus medialis|vastus intermedius|rectus femoris,compound,https://apilyfta.com/static/GymvisualPNG/00281101-Barbell-Clean-and-Press_Shoulders_small.png
4269,Barbell + Standing Close Grip Military Press,bilateral_simultaneous,shoulders|triceps,barbell,front deltoids,side deltoids|triceps longus|triceps lateralis|triceps medialis,compound,https://apilyfta.com/static/GymvisualPNG/30311101-Barbell-Standing-Close-Grip-Military-Press-(female)_Shoulders_small.png
1734,Weighted + Diamond Push-Up,bilateral_simultaneous,triceps,body weight,triceps longus|triceps lateralis|triceps medialis,upper chests|middle chests|small chest muscles|front deltoids,compound,https://apilyfta.com/static/GymvisualPNG/02831101-Diamond-Push-up_Upper-Arms-FIX_small.png
4980,Weighted + Reverse Push-Up,bilateral_simultaneous,triceps,body weight,triceps longus|triceps lateralis|triceps medialis,upper chests|middle chests|small chest muscles|front deltoids,compound,https://apilyfta.com/static/GymvisualPNG/37511101-Reverse-Push-up_Upper-Arms_small.png
113,Weighted + Close-Grip Push-Up,bilateral_simultaneous,triceps,body weight,triceps longus|triceps lateralis|triceps medialis,upper chests|middle chests|small chest muscles|front deltoids,compound,https://apilyfta.com/static/GymvisualPNG/02591101-Close-Grip-Push-up_Upper-Arms_small.png
4518,Body Weight + Elbow Dips,bodyweight_full,triceps,body weight,triceps longus|triceps lateralis|triceps medialis,upper chests|middle chests|small chest muscles,isolation,https://apilyfta.com/static/GymvisualPNG/32871101-Elbow-dips_Upper-arms_small.png
56,Body Weight + Bench Dip,bilateral_simultaneous,triceps,body weight,triceps longus|triceps lateralis|triceps medialis,upper chests|middle chests|small chest muscles,isolation,https://apilyfta.com/static/GymvisualPNG/01291101-Bench-Dip-(knees-bent)_Upper-Arms_small.png
425,Cable + High Pulley Overhead Tricep Extension,bilateral_simultaneous,triceps,cable,triceps longus|triceps lateralis|triceps medialis,,isolation,https://apilyfta.com/static/GymvisualPNG/17221101-Cable-High-Pulley-Overhead-Tricep-Extension_Upper-Arms_small.png
1651,Cable + Pushdown,bilateral_simultaneous,triceps,cable,triceps longus|triceps lateralis|triceps medialis,,isolation,https://apilyfta.com/static/GymvisualPNG/02001101-Cable-Pushdown-(with-rope-attachment)_Upper-Arms_small.png
435,Cable + Kneeling Triceps Extension,bilateral_simultaneous,triceps,cable,triceps longus|triceps lateralis|triceps medialis,,isolation,https://apilyfta.com/static/GymvisualPNG/18591101-Cable-Kneeling-Triceps-Extension-(VERSION-2)_Upper-Arms_small.png
1645,Cable + Overhead Triceps Extension,bilateral_simultaneous,triceps,cable,triceps longus|triceps lateralis|triceps medialis,,isolation,https://apilyfta.com/static/GymvisualPNG/01941101-Cable-Overhead-Triceps-Extension-(rope-attachment)_Upper-Arms_small.png
107,Cable + Triceps Pushdown,bilateral_simultaneous,triceps,cable,triceps longus|triceps lateralis|triceps medialis,,isolation,https://apilyfta.com/static/GymvisualPNG/02411101-Cable-Triceps-Pushdown-(V-bar-attachment)_Upper-Arms_small.png
1881,Dumbbell + Standing Triceps Extension,unilateral_simultaneous,triceps,dumbbell,triceps longus|triceps lateralis|triceps medialis,,isolation,https://apilyfta.com/static/GymvisualPNG/04301101-Dumbbell-Standing-Triceps-Extension_Upper-Arms_small.png
1840,Dumbbell + Seated Bench Extension,unilateral_simultaneous,triceps,dumbbell,triceps longus|triceps lateralis|triceps medialis,,isolation,https://apilyfta.com/static/GymvisualPNG/03891101-Dumbbell-Seated-Bench-Extension_Upper-Arms-FIX_small.png
3433,Dumbbell + Dumbbells Seated Triceps Extension,bilateral_simultaneous,triceps,dumbbell,triceps longus|triceps lateralis|triceps medialis,,isolation,https://apilyfta.com/static/GymvisualPNG/21891101-Dumbbells-Seated-Triceps-Extension_Upper-Arms_small.png
1871,Dumbbell + Standing Kickback,bilateral_simultaneous,triceps,dumbbell,triceps longus|triceps lateralis|triceps medialis,,isolation,https://apilyfta.com/static/GymvisualPNG/04201101-Dumbbell-Standing-Kickback_Upper-Arms_small.png
3030,Dumbbell + Seated Bent Over Triceps Extension,bilateral_simultaneous,triceps,dumbbell,triceps longus|triceps lateralis|triceps medialis,,isolation,https://apilyfta.com/static/GymvisualPNG/17371101-Dumbbell-Seated-Bent-Over-Triceps-Extension_Upper-Arms_small.png
5227,Dumbbell + Incline Close-Grip Press Variation,unilateral_simultaneous,triceps,dumbbell,triceps longus|triceps lateralis|triceps medialis,upper chests|middle chests|small chest muscles,isolation,https://apilyfta.com/static/GymvisualPNG/40151101-Dumbbell-Incline-Close-grip-Press-Variation_Upper-Arms_small.png
429,Dumbbell + Standing Bent Over Two Arm Triceps Extension,bilateral_simultaneous,triceps,dumbbell,triceps longus|triceps lateralis|triceps medialis,,isolation,https://apilyfta.com/static/GymvisualPNG/17411101-Dumbbell-Standing-Bent-Over-Two-Arm-Triceps-Extension_Upper-Arms_small.png
428,Dumbbell + Lying Single Extension,unilateral_simultaneous,triceps,dumbbell,triceps longus|triceps lateralis|triceps medialis,,isolation,https://apilyfta.com/static/GymvisualPNG/17351101-Dumbbell-Lying-Single-Extension_Upper-Arms_small.png
2762,Body Weight + Bench Dip On Floor,bilateral_simultaneous,triceps|chest,body weight,triceps longus|triceps lateralis|triceps medialis,upper chests|middle chests|small chest muscles|front deltoids,compound,https://apilyfta.com/static/GymvisualPNG/13991101-Bench-dip-on-floor_Upper-Arms_small.png
262,Body Weight + Triceps Dip,bodyweight_full,triceps|chest,body weight,triceps longus|triceps lateralis|triceps medialis,upper chests|middle chests|small chest muscles|front deltoids,compound,https://apilyfta.com/static/GymvisualPNG/08141101-Triceps-Dip_Upper-Arms_small.png
